input_files	output_files	alignment_type
./swine_demo/align.swine_input.parts/five_utr.fasta	./swine_demo/align.swine_input.parts/five_utr.fasta_al	nuc
./swine_demo/align.swine_input.parts/cds_translated.fasta	./swine_demo/align.swine_input.parts/cds_translated.fasta_al	aa
./swine_demo/align.swine_input.parts/three_utr.fasta	./swine_demo/align.swine_input.parts/three_utr.fasta_al	nuc
./swine_demo/align.swine_input.parts/cds_nucleotide.fasta	./swine_demo/align.swine_input.parts/cds_nucleotide.fasta_al	nuc_cds
